titre,url,organisation,date
Demandes de valeurs foncières,https://www.data.gouv.fr/datasets/demandes-de-valeurs-foncieres,Ministères économiques et financiers,Mis à jour le 5 avr. 2026
Répertoire national des élus,https://www.data.gouv.fr/datasets/repertoire-national-des-elus-1,Ministère de l'intérieur,Mis à jour le 9 juin 2026
Population,https://www.data.gouv.fr/datasets/population,Institut national de la statistique et des études économiques (Insee),Mis à jour il y a 12 jours
Plan Cadastral Informatisé,https://www.data.gouv.fr/datasets/plan-cadastral-informatise,Ministères économiques et financiers,Mis à jour le mois dernier
Bases de données annuelles des accidents corporels de la circulation routière - Années de 2005 à 2024,https://www.data.gouv.fr/datasets/bases-de-donnees-annuelles-des-accidents-corporels-de-la-circulation-routiere-annees-de-2005-a-2024,Ministère de l'intérieur,Mis à jour le 29 déc. 2025
Service-public.gouv.fr - Annuaire de l’administration - Base de données locales,https://www.data.gouv.fr/datasets/service-public-gouv-fr-annuaire-de-ladministration-base-de-donnees-locales,Premier ministre,Mis à jour il y a 4 jours
Fichiers des locaux et des parcelles des personnes morales,https://www.data.gouv.fr/datasets/fichiers-des-locaux-et-des-parcelles-des-personnes-morales,Ministères économiques et financiers,Mis à jour le 25 mars 2021
Données hospitalières relatives à l'épidémie de COVID-19,https://www.data.gouv.fr/datasets/donnees-hospitalieres-relatives-a-lepidemie-de-covid-19,Santé publique France,Mis à jour le 30 juin 2023
"Bases statistiques communale, départementale et régionale de la délinquance enregistrée par la police et la gendarmerie nationales",https://www.data.gouv.fr/datasets/bases-statistiques-communale-departementale-et-regionale-de-la-delinquance-enregistree-par-la-police-et-la-gendarmerie-nationales,Ministère de l'intérieur,Mis à jour il y a 22 jours
Géolocalisation des établissements du répertoire SIRENE-pour les études statistiques,https://www.data.gouv.fr/datasets/geolocalisation-des-etablissements-du-repertoire-sirene-pour-les-etudes-statistiques,Institut national de la statistique et des études économiques (Insee),Mis à jour il y a 10 jours
Base Adresse Nationale,https://www.data.gouv.fr/datasets/base-adresse-nationale,Base Adresse Nationale,Mis à jour aujourd’hui
Données essentielles de la commande publique - fichiers consolidés,https://www.data.gouv.fr/datasets/donnees-essentielles-de-la-commande-publique-fichiers-consolides,Ministères économiques et financiers,Mis à jour aujourd’hui
Base permanente des équipements,https://www.data.gouv.fr/datasets/base-permanente-des-equipements-1,Institut national de la statistique et des études économiques (Insee),Mis à jour le 25 juin 2026
Résultats du contrôle sanitaire de l'eau distribuée commune par commune,https://www.data.gouv.fr/datasets/resultats-du-controle-sanitaire-de-leau-distribuee-commune-par-commune,Ministère des Solidarités et de la Santé,Mis à jour il y a 11 jours
Bureaux de vote et adresses de leurs électeurs,https://www.data.gouv.fr/datasets/bureaux-de-vote-et-adresses-de-leurs-electeurs,Institut national de la statistique et des études économiques (Insee),Mis à jour le 27 juin 2023
Base de données publique des médicaments (base officielle),https://www.data.gouv.fr/datasets/base-de-donnees-publique-des-medicaments-base-officielle,Ministère des Solidarités et de la Santé,Mis à jour aujourd’hui
"Logements vacants du parc privé par commune, département, région, France, de 2020 à 2026",https://www.data.gouv.fr/datasets/logements-vacants-du-parc-prive-par-commune-departement-region-france-de-2020-a-2026,Ministère de la Transition écologique,Mis à jour le 25 juin 2026
Synthèse des indicateurs de suivi de l’épidémie COVID-19,https://www.data.gouv.fr/datasets/synthese-des-indicateurs-de-suivi-de-lepidemie-covid-19,Santé publique France,Mis à jour le 30 juin 2023
"Revenus, pauvreté et niveau de vie - Données carroyées",https://www.data.gouv.fr/datasets/revenus-pauvrete-et-niveau-de-vie-donnees-carroyees,Institut national de la statistique et des études économiques (Insee),Mis à jour aujourd’hui
Référentiel de l'organisation administrative de l'Etat,https://www.data.gouv.fr/datasets/referentiel-de-lorganisation-administrative-de-letat,Premier ministre,Mis à jour hier
"""Carte des loyers"" - Indicateurs de loyers d'annonce par commune en 2022",https://www.data.gouv.fr/datasets/carte-des-loyers-indicateurs-de-loyers-dannonce-par-commune-en-2022,Ministère de la Transition écologique,Mis à jour le 10 janv. 2023
Compétence territoriale gendarmerie et police nationales,https://www.data.gouv.fr/datasets/competence-territoriale-gendarmerie-et-police-nationales,Ministère de l'intérieur,Mis à jour aujourd’hui
Données des urgences hospitalières et de SOS médecins relatives à l'épidémie de COVID-19,https://www.data.gouv.fr/datasets/donnees-des-urgences-hospitalieres-et-de-sos-medecins-relatives-a-lepidemie-de-covid-19,Santé publique France,Mis à jour le 1 janv. 2025
Annuaire de l'éducation,https://www.data.gouv.fr/datasets/annuaire-de-leducation,Ministères de l'Éducation nationale,Mis à jour hier
Données relatives aux personnes vaccinées contre la Covid-19,https://www.data.gouv.fr/datasets/donnees-relatives-aux-personnes-vaccinees-contre-la-covid-19-1,Santé publique France,Mis à jour le 13 juil. 2023
Anciennes données carroyées à 200 m sur la population,https://www.data.gouv.fr/datasets/anciennes-donnees-carroyees-a-200-m-sur-la-population,Institut national de la statistique et des études économiques (Insee),Mis à jour il y a 20 jours
"ADMIN EXPRESS, ADMIN EXPRESS COG, ADMIN EXPRESS COG CARTO, ADMIN EXPRESS COG CARTO PE, ADMIN EXPRESS COG CARTO PLUS PE",https://www.data.gouv.fr/datasets/admin-express-admin-express-cog-admin-express-cog-carto-admin-express-cog-carto-pe-admin-express-cog-carto-plus-pe,Institut national de l'information géographique et forestière,Mis à jour il y a 25 jours
BOAMP,https://www.data.gouv.fr/datasets/boamp,Premier ministre,Mis à jour le mois dernier
Election présidentielle des 10 et 24 avril 2022 - Résultats définitifs du 1er tour,https://www.data.gouv.fr/datasets/election-presidentielle-des-10-et-24-avril-2022-resultats-definitifs-du-1er-tour,Ministère de l'intérieur,Mis à jour le 14 avr. 2022
Jeux de données des vitesses relevées par les voitures radars à conduite externalisée,https://www.data.gouv.fr/datasets/jeux-de-donnees-des-vitesses-relevees-par-les-voitures-radars-a-conduite-externalisee,Ministère de l'intérieur,Mis à jour le 13 janv. 2026
Transparence-santé,https://www.data.gouv.fr/datasets/transparence-sante-1,Ministère des Solidarités et de la Santé,Mis à jour le 19 mai 2026
Revenus et pauvreté des ménages aux niveaux national et local - Revenus localisés sociaux et fiscaux,https://www.data.gouv.fr/datasets/revenus-et-pauvrete-des-menages-aux-niveaux-national-et-local-revenus-localises-sociaux-et-fiscaux,Institut national de la statistique et des études économiques (Insee),Mis à jour il y a 7 jours
PLF - Jaune - Associations subventionnées,https://www.data.gouv.fr/datasets/plf-jaune-associations-subventionnees,Ministères économiques et financiers,Mis à jour le 13 déc. 2018
Indices de position sociale des écoles (2016-2021),https://www.data.gouv.fr/datasets/indices-de-position-sociale-dans-les-ecoles-de-france-metropolitaine-et-drom-version-2-1,Ministères de l'Éducation nationale,Mis à jour le 24 mai 2024
Indices de position sociale des lycées (2016-2021),https://www.data.gouv.fr/datasets/indices-de-position-sociale-dans-les-lycees-de-france-metropolitaine-et-drom,Ministères de l'Éducation nationale,Mis à jour le 24 mai 2024
Répertoire national des certifications professionnelles et répertoire spécifique,https://www.data.gouv.fr/datasets/repertoire-national-des-certifications-professionnelles-et-repertoire-specifique,France compétences,Mis à jour avant-hier
Portraits des circonscriptions législatives - indicateurs économiques et socio-démographiques,https://www.data.gouv.fr/datasets/portraits-des-circonscriptions-legislatives-indicateurs-economiques-et-socio-demographiques,Institut national de la statistique et des études économiques (Insee),Mis à jour il y a 7 jours
Activité emploi et chômage - enquête emploi en continu,https://www.data.gouv.fr/datasets/activite-emploi-et-chomage-enquete-emploi-en-continu,Institut national de la statistique et des études économiques (Insee),Mis à jour il y a 12 jours
Aires géographiques des AOC/AOP,https://www.data.gouv.fr/datasets/aires-geographiques-des-aoc-aop,Institut national de l'origine et de la qualité,Mis à jour le 9 oct. 2025
"""Carte des loyers"" - Indicateurs de loyers d'annonce par commune en 2023",https://www.data.gouv.fr/datasets/carte-des-loyers-indicateurs-de-loyers-dannonce-par-commune-en-2023,Ministère de la Transition écologique,Mis à jour le 15 janv. 2024
Base des lieux et équipements culturels (Basilic),https://www.data.gouv.fr/datasets/base-des-lieux-et-equipements-culturels-basilic,Ministère de la Culture,Mis à jour le 18 févr. 2026
Parcoursup 2025 - vœux de poursuite d'études et de réorientation dans l'enseignement supérieur et réponses des établissements,https://www.data.gouv.fr/datasets/parcoursup-2025-voeux-de-poursuite-detudes-et-de-reorientation-dans-lenseignement-superieur-et-reponses-des-etablissements,"Ministère de l'Enseignement supérieur, de la Recherche et de l'Espace",Mis à jour le 9 mars 2026
Liste des festivals en France,https://www.data.gouv.fr/datasets/liste-des-festivals-en-france,Ministère de la Culture,Mis à jour le 27 août 2025
OLD Taux d'incidence de l'épidémie de COVID-19,https://www.data.gouv.fr/datasets/old-taux-dincidence-de-lepidemie-de-covid-19,Santé publique France,Mis à jour le 21 févr. 2023
Élections législatives des 30 juin et 7 juillet 2024 - Résultats définitifs du 1er tour,https://www.data.gouv.fr/datasets/elections-legislatives-des-30-juin-et-7-juillet-2024-resultats-definitifs-du-1er-tour,Ministère de l'intérieur,Mis à jour le 15 juil. 2024
"""Carte des loyers"" - Indicateurs de loyers d'annonce par commune en 2018",https://www.data.gouv.fr/datasets/carte-des-loyers-indicateurs-de-loyers-dannonce-par-commune-en-2018,Ministère de la Transition écologique,Mis à jour le 3 déc. 2020
Ma connexion internet,https://www.data.gouv.fr/datasets/ma-connexion-internet,"Autorité de régulation des communications électroniques, des postes et de la distribution de la presse (ARCEP)",Mis à jour le 11 juin 2026
"Feuilles de route ministérielles sur la politique de la donnée, des algorithmes et des codes sources",https://www.data.gouv.fr/datasets/feuilles-de-route-ministerielles-sur-la-politique-de-la-donnee-des-algorithmes-et-des-codes-sources,Etalab,Mis à jour le 11 avr. 2022
"Pathologies : effectif de patients par pathologie, sexe, classe d'âge et territoire (département, région)",https://www.data.gouv.fr/datasets/pathologies-effectif-de-patients-par-pathologie-sexe-classe-dage-et-territoire-departement-region,Caisse nationale de l'Assurance Maladie,Mis à jour il y a 25 jours
Communes et inventaire SRU,https://www.data.gouv.fr/datasets/communes-et-inventaire-sru,Ministère de la Transition écologique,Mis à jour le 22 janv. 2026
Liste des radars fixes en France,https://www.data.gouv.fr/datasets/liste-des-radars-fixes-en-france,Ministère de l'intérieur,Mis à jour le 30 déc. 2025
Immeubles protégés au titre des Monuments Historiques,https://www.data.gouv.fr/datasets/immeubles-proteges-au-titre-des-monuments-historiques-2,Ministère de la Culture,Mis à jour hier
"Base Sirene des entreprises et de leurs établissements (SIREN, SIRET)",https://www.data.gouv.fr/datasets/base-sirene-des-entreprises-et-de-leurs-etablissements-siren-siret,Institut national de la statistique et des études économiques (Insee),Mis à jour il y a 29 jours
Demandes de valeurs foncières géolocalisées,https://www.data.gouv.fr/datasets/demandes-de-valeurs-foncieres-geolocalisees,data.gouv.fr,Mis à jour aujourd’hui
Registre National des Cantines,https://www.data.gouv.fr/datasets/registre-national-des-cantines,"Ministère de l'Agriculture, de l'agro-alimentaire et de la souveraineté alimentaire",Mis à jour aujourd’hui
Baromètre du Numérique,https://www.data.gouv.fr/datasets/barometre-du-numerique,"Autorité de régulation des communications électroniques, des postes et de la distribution de la presse (ARCEP)",Mis à jour le 9 févr. 2026
Parcelles en Agriculture Biologique (AB) déclarées à la PAC,https://www.data.gouv.fr/datasets/parcelles-en-agriculture-biologique-ab-declarees-a-la-pac,Agence Bio,Mis à jour aujourd’hui
DPE Logements (avant juillet 2021),https://www.data.gouv.fr/datasets/dpe-logements-avant-juillet-2021,ADEME,Mis à jour il y a 3 jours
Marché du travail,https://www.data.gouv.fr/datasets/marche-du-travail,Institut national de la statistique et des études économiques (Insee),Mis à jour hier
Elections municipales 2020 - Liste des candidats élus au T1 et liste des communes entièrement pourvues,https://www.data.gouv.fr/datasets/elections-municipales-2020-liste-des-candidats-elus-au-t1-et-liste-des-communes-entierement-pourvues,Ministère de l'intérieur,Mis à jour le 17 juin 2020
Liste des communes selon le zonage ABC,https://www.data.gouv.fr/datasets/liste-des-communes-selon-le-zonage-abc,Ministère de la Transition écologique,Mis à jour il y a 28 jours
Journées européennes du patrimoine,https://www.data.gouv.fr/datasets/journees-europeennes-du-patrimoine,Ministère de la Culture,Mis à jour le 24 sept. 2025
OLD Données relatives aux résultats des tests virologiques COVID-19,https://www.data.gouv.fr/datasets/old-donnees-relatives-aux-resultats-des-tests-virologiques-covid-19,Santé publique France,Mis à jour le 18 mai 2022
Liste des sites patrimoniaux remarquables (SPR),https://www.data.gouv.fr/datasets/liste-des-sites-patrimoniaux-remarquables-spr,Ministère de la Culture,Mis à jour il y a 4 jours
Indicateurs de suivi de l’épidémie de COVID-19,https://www.data.gouv.fr/datasets/indicateurs-de-suivi-de-lepidemie-de-covid-19,Ministère des Solidarités et de la Santé,Mis à jour le 30 août 2022
Résultats des élections européennes du 9 juin 2024,https://www.data.gouv.fr/datasets/resultats-des-elections-europeennes-du-9-juin-2024,Ministère de l'intérieur,Mis à jour le 13 juin 2024
Base nationale des IRVE (Infrastructures de Recharge pour Véhicules Électriques),https://www.data.gouv.fr/datasets/base-nationale-des-irve-infrastructures-de-recharge-pour-vehicules-electriques,data.gouv.fr,Mis à jour aujourd’hui
Cadastre,https://www.data.gouv.fr/datasets/cadastre,data.gouv.fr,Mis à jour il y a 16 jours
Le baccalauréat par académie,https://www.data.gouv.fr/datasets/le-baccalaureat-par-academie,Ministères de l'Éducation nationale,Mis à jour le 23 juin 2026
Indicateurs de valeur ajoutée des collèges,https://www.data.gouv.fr/datasets/indicateurs-de-valeur-ajoutee-des-colleges,Ministères de l'Éducation nationale,Mis à jour le 10 juin 2026
Opérations coordonnées par les CROSS,https://www.data.gouv.fr/datasets/operations-coordonnees-par-les-cross,Ministère de la Transition écologique,Mis à jour aujourd’hui
Elections législatives des 12 et 19 juin 2022 - Résultats du 1er tour,https://www.data.gouv.fr/datasets/elections-legislatives-des-12-et-19-juin-2022-resultats-du-1er-tour,Ministère de l'intérieur,Mis à jour le 13 juin 2022
Open Damir : base complète sur les dépenses d'assurance maladie interrégimes,https://www.data.gouv.fr/datasets/open-damir-base-complete-sur-les-depenses-dassurance-maladie-interregimes,Caisse nationale de l'Assurance Maladie,Mis à jour aujourd’hui
Agrégats comptables des collectivités et des établissements publics locaux 2017,https://www.data.gouv.fr/datasets/agregats-comptables-des-collectivites-et-des-etablissements-publics-locaux-2017,Ministères économiques et financiers,Mis à jour le 24 mars 2019
Base de données publique des médicaments vétérinaires autorisés en France,https://www.data.gouv.fr/datasets/base-de-donnees-publique-des-medicaments-veterinaires-autorises-en-france-1,"Agence nationale de sécurité sanitaire, de l'alimentation, de l'environnement et du travail (Anses)",Mis à jour le 4 juin 2026
Elections législatives des 30 juin et 7 juillet 2024 - Liste des candidats du 1er tour,https://www.data.gouv.fr/datasets/elections-legislatives-des-30-juin-et-7-juillet-2024-liste-des-candidats-du-1er-tour,Ministère de l'intérieur,Mis à jour le 28 juin 2024
Déplacements des présidents de la République et des premiers ministres depuis 1945,https://www.data.gouv.fr/datasets/deplacements-des-presidents-de-la-republique-et-des-premiers-ministres-depuis-1945,Ministère de la Culture,Mis à jour le 27 août 2025
PIAF - Le dataset francophone de Questions-Réponses,https://www.data.gouv.fr/datasets/piaf-le-dataset-francophone-de-questions-reponses,Etalab,Mis à jour le 25 mars 2021
Fichier des personnes décédées,https://www.data.gouv.fr/datasets/fichier-des-personnes-decedees,Institut national de la statistique et des études économiques (Insee),Mis à jour aujourd’hui
Notifications à la CNIL de violations de données à caractère personnel,https://www.data.gouv.fr/datasets/notifications-a-la-cnil-de-violations-de-donnees-a-caractere-personnel,CNIL,Mis à jour le 19 mai 2026
Lieux de vaccination contre la Covid-19,https://www.data.gouv.fr/datasets/lieux-de-vaccination-contre-la-covid-19,Ministère des Solidarités et de la Santé,Mis à jour le 11 août 2024
Indicateurs de valeur ajoutée des lycées d'enseignement général et technologique (ancienne version),https://www.data.gouv.fr/datasets/indicateurs-de-valeur-ajoutee-des-lycees-denseignement-general-et-technologique-ancienne-version,Ministères de l'Éducation nationale,Mis à jour le 1 juil. 2026
Elections municipales 2020 - résultats 1er tour,https://www.data.gouv.fr/datasets/elections-municipales-2020-resultats-1er-tour,Ministère de l'intérieur,Mis à jour le 25 mai 2020
Election présidentielle des 10 et 24 avril 2022 - Résultats définitifs du 2nd tour,https://www.data.gouv.fr/datasets/election-presidentielle-des-10-et-24-avril-2022-resultats-definitifs-du-2nd-tour,Ministère de l'intérieur,Mis à jour le 28 avr. 2022
Données nationales sur les dépenses d'assurance maladie relatives aux soins de ville,https://www.data.gouv.fr/datasets/donnees-nationales-sur-les-depenses-dassurance-maladie-relatives-aux-soins-de-ville,Caisse nationale de l'Assurance Maladie,Mis à jour aujourd’hui
Données de rapportage de la saison balnéaire,https://www.data.gouv.fr/datasets/donnees-de-rapportage-de-la-saison-balneaire-1,Ministère des Solidarités et de la Santé,Mis à jour il y a 22 jours
Base de données nationale des bâtiments,https://www.data.gouv.fr/datasets/base-de-donnees-nationale-des-batiments,Centre Scientifique et Technique du Batiment,Mis à jour le 22 mai 2026
Code source des taxes foncières (TF),https://www.data.gouv.fr/datasets/code-source-des-taxes-foncieres-tf,Ministères économiques et financiers,Mis à jour il y a 7 jours
Aides à la presse,https://www.data.gouv.fr/datasets/aides-a-la-presse-1,Ministère de la Culture,Mis à jour aujourd’hui
Patrimoine immobilier des opérateurs de l’Enseignement supérieur,https://www.data.gouv.fr/datasets/patrimoine-immobilier-des-operateurs-de-lenseignement-superieur,"Ministère de l'Enseignement supérieur, de la Recherche et de l'Espace",Mis à jour il y a 28 jours
Données relatives au fonds de solidarité mis en place dans le cadre de l'épidémie de COVID-19,https://www.data.gouv.fr/datasets/donnees-relatives-au-fonds-de-solidarite-mis-en-place-dans-le-cadre-de-lepidemie-de-covid-19,Etalab,Mis à jour aujourd’hui
Liste des juridictions compétentes pour les communes de France,https://www.data.gouv.fr/datasets/liste-des-juridictions-competentes-pour-les-communes-de-france,Ministère de la Justice,Mis à jour il y a 3 jours
Catalogue des données de data.gouv.fr,https://www.data.gouv.fr/datasets/catalogue-des-donnees-de-data-gouv-fr,data.gouv.fr,Mis à jour aujourd’hui
Cadastre minier,https://www.data.gouv.fr/datasets/cadastre-minier,Ministère de la Transition écologique,Mis à jour avant-hier
Index Egalité Professionnelle F/H des entreprises de 50 salariés ou plus,https://www.data.gouv.fr/datasets/index-egalite-professionnelle-f-h-des-entreprises-de-50-salaries-ou-plus,Ministère du Travail du Plein emploi et de l'Insertion,Mis à jour aujourd’hui
Elections législatives des 12 et 19 juin 2022 - Liste des candidats du 1er tour,https://www.data.gouv.fr/datasets/elections-legislatives-des-12-et-19-juin-2022-liste-des-candidats-du-1er-tour,Ministère de l'intérieur,Mis à jour le 9 juin 2022
Elections législatives des 30 juin et 7 juillet 2024 - Résultats définitifs du 2nd tour,https://www.data.gouv.fr/datasets/elections-legislatives-des-30-juin-et-7-juillet-2024-resultats-definitifs-du-2nd-tour,Ministère de l'intérieur,Mis à jour le 10 juil. 2024
Données « temps réel » de mesure des concentrations de polluants atmosphériques réglementés,https://www.data.gouv.fr/datasets/donnees-temps-reel-de-mesure-des-concentrations-de-polluants-atmospheriques-reglementes-1,Laboratoire Central de Surveillance de la Qualité de l'Air,Mis à jour aujourd’hui
Elections municipales 2020 - Candidatures au 1er tour,https://www.data.gouv.fr/datasets/elections-municipales-2020-candidatures-au-1er-tour,Ministère de l'intérieur,Mis à jour le 4 mars 2020
Parcoursup 2021-2024 : propositions d'admission dans l'enseignement supérieur des élèves de terminale diplômés du baccalauréat général selon leurs enseignements de spécialité,https://www.data.gouv.fr/datasets/parcoursup-2021-2024-propositions-dadmission-dans-lenseignement-superieur-des-eleves-de-terminale-diplomes-du-baccalaureat-general-selon-leurs-enseignements-de-specialite,"Ministère de l'Enseignement supérieur, de la Recherche et de l'Espace",Mis à jour le 1 avr. 2025
